{"(1, 10)": [1, 10, 26.125, 9.279835576335909, 1.1345821193738745, 39.13431230779414, 42.66696784705077, 0.0, 0.6875, 0.0, 0.9375, 0.3125], "(1, 110)": [1, 110, 6.1875, 1.3935810810810811, 1.0179347826086955, 39.13431230779414, 39.461187246591635, 0.0, 0.0625, 0.0, 0.0625, 0.0625], "(1, 210)": [1, 210, 0.0, 0.0, 1.0, 39.13431230779414, 39.13431230779414, 0.0, 0.0, 0.0, 0.0, 0.0], "(1, 310)": [1, 310, 0.0, 0.0, 1.0, 39.13431230779414, 39.13431230779414, 0.0, 0.0, 0.0, 0.0, 0.0], "(1, 410)": [1, 410, 0.0, 0.0, 1.0, 39.13431230779414, 39.13431230779414, 0.0, 0.0, 0.0, 0.0, 0.0], "(1, 510)": [1, 510, 0.0, 0.0, 1.0, 39.13431230779414, 39.13431230779414, 0.0, 0.0, 0.0, 0.0, 0.0], "(1, 610)": [1, 610, 0.0, 0.0, 1.0, 39.13431230779414, 39.13431230779414, 0.0, 0.0, 0.0, 0.0, 0.0], "(1, 710)": [1, 710, 0.0, 0.0, 1.0, 39.13431230779414, 39.13431230779414, 0.0, 0.0, 0.0, 0.0, 0.0], "(1, 810)": [1, 810, 0.0, 0.0, 1.0, 39.13431230779414, 39.13431230779414, 0.0, 0.0, 0.0, 0.0, 0.0], "(1, 910)": [1, 910, 0.0, 0.0, 1.0, 39.13431230779414, 39.13431230779414, 0.0, 0.0, 0.0, 0.0, 0.0], "(1, 1010)": [1, 1010, 0.0, 0.0, 1.0, 39.13431230779414, 39.13431230779414, 0.0, 0.0, 0.0, 0.0, 0.0], "(1, 1110)": [1, 1110, 0.0, 0.0, 1.0, 39.13431230779414, 39.13431230779414, 0.0, 0.0, 0.0, 0.0, 0.0], "(1, 1210)": [1, 1210, 0.0, 0.0, 1.0, 39.13431230779414, 39.13431230779414, 0.0, 0.0, 0.0, 0.0, 0.0], "(1, 1310)": [1, 1310, 0.0, 0.0, 1.0, 39.13431230779414, 39.13431230779414, 0.0, 0.0, 0.0, 0.0, 0.0], "(1, 1410)": [1, 1410, 0.0, 0.0, 1.0, 39.13431230779414, 39.13431230779414, 0.0, 0.0, 0.0, 0.0, 0.0], "(1, 1510)": [1, 1510, 0.0, 0.0, 1.0, 39.13431230779414, 39.13431230779414, 0.0, 0.0, 0.0, 0.0, 0.0], "(1, 1610)": [1, 1610, 0.0, 0.0, 1.0, 39.13431230779414, 39.13431230779414, 0.0, 0.0, 0.0, 0.0, 0.0], "(1, 1710)": [1, 1710, 0.0, 0.0, 1.0, 39.13431230779414, 39.13431230779414, 0.0, 0.0, 0.0, 0.0, 0.0], "(1, 1810)": [1, 1810, 0.0, 0.0, 1.0, 39.13431230779414, 39.13431230779414, 0.0, 0.0, 0.0, 0.0, 0.0], "(1, 1910)": [1, 1910, 0.0, 0.0, 1.0, 39.13431230779414, 39.13431230779414, 0.0, 0.0, 0.0, 0.0, 0.0], "(2, 10)": [2, 10, 35.125, 12.94803101764473, 1.2010207619902582, 39.13431230779414, 44.360501106631354, 0.0, 1.5625, 0.0, 2.3125, 0.875], "(2, 110)": [2, 110, 6.1875, 1.3935810810810811, 1.0179347826086955, 39.13431230779414, 39.461187246591635, 0.0, 0.0625, 0.0, 0.0625, 0.0625], "(2, 210)": [2, 210, 0.0, 0.0, 1.0, 39.13431230779414, 39.13431230779414, 0.0, 0.0, 0.0, 0.0, 0.0], "(2, 310)": [2, 310, 0.0, 0.0, 1.0, 39.13431230779414, 39.13431230779414, 0.0, 0.0, 0.0, 0.0, 0.0], "(2, 410)": [2, 410, 0.0, 0.0, 1.0, 39.13431230779414, 39.13431230779414, 0.0, 0.0, 0.0, 0.0, 0.0], "(2, 510)": [2, 510, 0.0, 0.0, 1.0, 39.13431230779414, 39.13431230779414, 0.0, 0.0, 0.0, 0.0, 0.0], "(2, 610)": [2, 610, 0.0, 0.0, 1.0, 39.13431230779414, 39.13431230779414, 0.0, 0.0, 0.0, 0.0, 0.0], "(2, 710)": [2, 710, 0.0, 0.0, 1.0, 39.13431230779414, 39.13431230779414, 0.0, 0.0, 0.0, 0.0, 0.0], "(2, 810)": [2, 810, 0.0, 0.0, 1.0, 39.13431230779414, 39.13431230779414, 0.0, 0.0, 0.0, 0.0, 0.0], "(2, 910)": [2, 910, 0.0, 0.0, 1.0, 39.13431230779414, 39.13431230779414, 0.0, 0.0, 0.0, 0.0, 0.0], "(2, 1010)": [2, 1010, 0.0, 0.0, 1.0, 39.13431230779414, 39.13431230779414, 0.0, 0.0, 0.0, 0.0, 0.0], "(2, 1110)": [2, 1110, 0.0, 0.0, 1.0, 39.13431230779414, 39.13431230779414, 0.0, 0.0, 0.0, 0.0, 0.0], "(2, 1210)": [2, 1210, 0.0, 0.0, 1.0, 39.13431230779414, 39.13431230779414, 0.0, 0.0, 0.0, 0.0, 0.0], "(2, 1310)": [2, 1310, 0.0, 0.0, 1.0, 39.13431230779414, 39.13431230779414, 0.0, 0.0, 0.0, 0.0, 0.0], "(2, 1410)": [2, 1410, 0.0, 0.0, 1.0, 39.13431230779414, 39.13431230779414, 0.0, 0.0, 0.0, 0.0, 0.0], "(2, 1510)": [2, 1510, 0.0, 0.0, 1.0, 39.13431230779414, 39.13431230779414, 0.0, 0.0, 0.0, 0.0, 0.0], "(2, 1610)": [2, 1610, 0.0, 0.0, 1.0, 39.13431230779414, 39.13431230779414, 0.0, 0.0, 0.0, 0.0, 0.0], "(2, 1710)": [2, 1710, 0.0, 0.0, 1.0, 39.13431230779414, 39.13431230779414, 0.0, 0.0, 0.0, 0.0, 0.0], "(2, 1810)": [2, 1810, 0.0, 0.0, 1.0, 39.13431230779414, 39.13431230779414, 0.0, 0.0, 0.0, 0.0, 0.0], "(2, 1910)": [2, 1910, 0.0, 0.0, 1.0, 39.13431230779414, 39.13431230779414, 0.0, 0.0, 0.0, 0.0, 0.0], "(3, 10)": [3, 10, 40.8125, 15.69932760609469, 1.2437567478045217, 39.13431230779414, 45.66516913189295, 0.0, 2.375, 0.0, 3.25, 1.0], "(3, 110)": [3, 110, 6.1875, 1.3935810810810811, 1.0179347826086955, 39.13431230779414, 39.461187246591635, 0.0, 0.0625, 0.0, 0.0625, 0.0625], "(3, 210)": [3, 210, 0.0, 0.0, 1.0, 39.13431230779414, 39.13431230779414, 0.0, 0.0, 0.0, 0.0, 0.0], "(3, 310)": [3, 310, 0.0, 0.0, 1.0, 39.13431230779414, 39.13431230779414, 0.0, 0.0, 0.0, 0.0, 0.0], "(3, 410)": [3, 410, 0.0, 0.0, 1.0, 39.13431230779414, 39.13431230779414, 0.0, 0.0, 0.0, 0.0, 0.0], "(3, 510)": [3, 510, 0.0, 0.0, 1.0, 39.13431230779414, 39.13431230779414, 0.0, 0.0, 0.0, 0.0, 0.0], "(3, 610)": [3, 610, 0.0, 0.0, 1.0, 39.13431230779414, 39.13431230779414, 0.0, 0.0, 0.0, 0.0, 0.0], "(3, 710)": [3, 710, 0.0, 0.0, 1.0, 39.13431230779414, 39.13431230779414, 0.0, 0.0, 0.0, 0.0, 0.0], "(3, 810)": [3, 810, 0.0, 0.0, 1.0, 39.13431230779414, 39.13431230779414, 0.0, 0.0, 0.0, 0.0, 0.0], "(3, 910)": [3, 910, 0.0, 0.0, 1.0, 39.13431230779414, 39.13431230779414, 0.0, 0.0, 0.0, 0.0, 0.0], "(3, 1010)": [3, 1010, 0.0, 0.0, 1.0, 39.13431230779414, 39.13431230779414, 0.0, 0.0, 0.0, 0.0, 0.0], "(3, 1110)": [3, 1110, 0.0, 0.0, 1.0, 39.13431230779414, 39.13431230779414, 0.0, 0.0, 0.0, 0.0, 0.0], "(3, 1210)": [3, 1210, 0.0, 0.0, 1.0, 39.13431230779414, 39.13431230779414, 0.0, 0.0, 0.0, 0.0, 0.0], "(3, 1310)": [3, 1310, 0.0, 0.0, 1.0, 39.13431230779414, 39.13431230779414, 0.0, 0.0, 0.0, 0.0, 0.0], "(3, 1410)": [3, 1410, 0.0, 0.0, 1.0, 39.13431230779414, 39.13431230779414, 0.0, 0.0, 0.0, 0.0, 0.0], "(3, 1510)": [3, 1510, 0.0, 0.0, 1.0, 39.13431230779414, 39.13431230779414, 0.0, 0.0, 0.0, 0.0, 0.0], "(3, 1610)": [3, 1610, 0.0, 0.0, 1.0, 39.13431230779414, 39.13431230779414, 0.0, 0.0, 0.0, 0.0, 0.0], "(3, 1710)": [3, 1710, 0.0, 0.0, 1.0, 39.13431230779414, 39.13431230779414, 0.0, 0.0, 0.0, 0.0, 0.0], "(3, 1810)": [3, 1810, 0.0, 0.0, 1.0, 39.13431230779414, 39.13431230779414, 0.0, 0.0, 0.0, 0.0, 0.0], "(3, 1910)": [3, 1910, 0.0, 0.0, 1.0, 39.13431230779414, 39.13431230779414, 0.0, 0.0, 0.0, 0.0, 0.0], "(4, 10)": [4, 10, 47.125, 18.73098028032272, 1.2919744979501973, 39.13431230779414, 47.044476969554765, 0.0, 3.375, 0.0, 4.1875, 0.8125], "(4, 110)": [4, 110, 6.1875, 1.3935810810810811, 1.0179347826086955, 39.13431230779414, 39.461187246591635, 0.0, 0.0625, 0.0, 0.0625, 0.0625], "(4, 210)": [4, 210, 0.0, 0.0, 1.0, 39.13431230779414, 39.13431230779414, 0.0, 0.0, 0.0, 0.0, 0.0], "(4, 310)": [4, 310, 0.0, 0.0, 1.0, 39.13431230779414, 39.13431230779414, 0.0, 0.0, 0.0, 0.0, 0.0], "(4, 410)": [4, 410, 0.0, 0.0, 1.0, 39.13431230779414, 39.13431230779414, 0.0, 0.0, 0.0, 0.0, 0.0], "(4, 510)": [4, 510, 0.0, 0.0, 1.0, 39.13431230779414, 39.13431230779414, 0.0, 0.0, 0.0, 0.0, 0.0], "(4, 610)": [4, 610, 0.0, 0.0, 1.0, 39.13431230779414, 39.13431230779414, 0.0, 0.0, 0.0, 0.0, 0.0], "(4, 710)": [4, 710, 0.0, 0.0, 1.0, 39.13431230779414, 39.13431230779414, 0.0, 0.0, 0.0, 0.0, 0.0], "(4, 810)": [4, 810, 0.0, 0.0, 1.0, 39.13431230779414, 39.13431230779414, 0.0, 0.0, 0.0, 0.0, 0.0], "(4, 910)": [4, 910, 0.0, 0.0, 1.0, 39.13431230779414, 39.13431230779414, 0.0, 0.0, 0.0, 0.0, 0.0], "(4, 1010)": [4, 1010, 0.0, 0.0, 1.0, 39.13431230779414, 39.13431230779414, 0.0, 0.0, 0.0, 0.0, 0.0], "(4, 1110)": [4, 1110, 0.0, 0.0, 1.0, 39.13431230779414, 39.13431230779414, 0.0, 0.0, 0.0, 0.0, 0.0], "(4, 1210)": [4, 1210, 0.0, 0.0, 1.0, 39.13431230779414, 39.13431230779414, 0.0, 0.0, 0.0, 0.0, 0.0], "(4, 1310)": [4, 1310, 0.0, 0.0, 1.0, 39.13431230779414, 39.13431230779414, 0.0, 0.0, 0.0, 0.0, 0.0], "(4, 1410)": [4, 1410, 0.0, 0.0, 1.0, 39.13431230779414, 39.13431230779414, 0.0, 0.0, 0.0, 0.0, 0.0], "(4, 1510)": [4, 1510, 0.0, 0.0, 1.0, 39.13431230779414, 39.13431230779414, 0.0, 0.0, 0.0, 0.0, 0.0],