{"(1, 10)": [1, 10, 3.671875, 0.15506284069605522, 1.0015662497284874, 95.07668844113728, 95.08504376779018, 49.382997133904524, 0.734375, 0.0, 0.734375, 0.0], "(1, 110)": [1, 110, 0.796875, 0.03237722458131654, 1.0003254786891436, 95.07668844113728, 95.08241883876288, 2.5111607142857144, 0.078125, 0.0, 0.078125, 0.0], "(1, 210)": [1, 210, 0.0, 0.0, 1.0, 95.07668844113728, 95.07668844113728, 0.0, 0.0, 0.0, 0.0, 0.0], "(1, 310)": [1, 310, 0.0, 0.0, 1.0, 95.07668844113728, 95.07668844113728, 0.0, 0.0, 0.0, 0.0, 0.0], "(1, 410)": [1, 410, 0.0, 0.0, 1.0, 95.07668844113728, 95.07668844113728, 0.0, 0.0, 0.0, 0.0, 0.0], "(1, 510)": [1, 510, 0.0, 0.0, 1.0, 95.07668844113728, 95.07668844113728, 0.0, 0.0, 0.0, 0.0, 0.0], "(1, 610)": [1, 610, 0.0, 0.0, 1.0, 95.07668844113728, 95.07668844113728, 0.0, 0.0, 0.0, 0.0, 0.0], "(1, 710)": [1, 710, 0.0, 0.0, 1.0, 95.07668844113728, 95.07668844113728, 0.0, 0.0, 0.0, 0.0, 0.0], "(1, 810)": [1, 810, 0.0, 0.0, 1.0, 95.07668844113728, 95.07668844113728, 0.0, 0.0, 0.0, 0.0, 0.0], "(1, 910)": [1, 910, 0.0, 0.0, 1.0, 95.07668844113728, 95.07668844113728, 0.0, 0.0, 0.0, 0.0, 0.0], "(1, 1010)": [1, 1010, 0.0, 0.0, 1.0, 95.07668844113728, 95.07668844113728, 0.0, 0.0, 0.0, 0.0, 0.0], "(1, 1110)": [1, 1110, 0.0, 0.0, 1.0, 95.07668844113728, 95.07668844113728, 0.0, 0.0, 0.0, 0.0, 0.0], "(1, 1210)": [1, 1210, 0.0, 0.0, 1.0, 95.07668844113728, 95.07668844113728, 0.0, 0.0, 0.0, 0.0, 0.0], "(1, 1310)": [1, 1310, 0.0, 0.0, 1.0, 95.07668844113728, 95.07668844113728, 0.0, 0.0, 0.0, 0.0, 0.0], "(1, 1410)": [1, 1410, 0.0, 0.0, 1.0, 95.07668844113728, 95.07668844113728, 0.0, 0.0, 0.0, 0.0, 0.0], "(1, 1510)": [1, 1510, 0.0, 0.0, 1.0, 95.07668844113728, 95.07668844113728, 0.0, 0.0, 0.0, 0.0, 0.0], "(1, 1610)": [1, 1610, 0.0, 0.0, 1.0, 95.07668844113728, 95.07668844113728, 0.0, 0.0, 0.0, 0.0, 0.0], "(1, 1710)": [1, 1710, 0.0, 0.0, 1.0, 95.07668844113728, 95.07668844113728, 0.0, 0.0, 0.0, 0.0, 0.0], "(1, 1810)": [1, 1810, 0.0, 0.0, 1.0, 95.07668844113728, 95.07668844113728, 0.0, 0.0, 0.0, 0.0, 0.0], "(1, 1910)": [1, 1910, 0.0, 0.0, 1.0, 95.07668844113728, 95.07668844113728, 0.0, 0.0, 0.0, 0.0, 0.0], "(2, 10)": [2, 10, 3.671875, 0.15506284069605522, 1.0015662497284874, 95.07668844113728, 95.08504376779018, 49.40020527846011, 0.734375, 0.0, 0.734375, 0.0], "(2, 110)": [2, 110, 1.03125, 0.04200771090671813, 1.0004223774860155, 95.07668844113728, 95.08369613604432, 2.5111607142857144, 0.078125, 0.0, 0.078125, 0.0], "(2, 210)": [2, 210, 0.0, 0.0, 1.0, 95.07668844113728, 95.07668844113728, 0.0, 0.0, 0.0, 0.0, 0.0], "(2, 310)": [2, 310, 0.0, 0.0, 1.0, 95.07668844113728, 95.07668844113728, 0.0, 0.0, 0.0, 0.0, 0.0], "(2, 410)": [2, 410, 0.0, 0.0, 1.0, 95.07668844113728, 95.07668844113728, 0.0, 0.0, 0.0, 0.0, 0.0], "(2, 510)": [2, 510, 0.0, 0.0, 1.0, 95.07668844113728, 95.07668844113728, 0.0, 0.0, 0.0, 0.0, 0.0], "(2, 610)": [2, 610, 0.0, 0.0, 1.0, 95.07668844113728, 95.07668844113728, 0.0, 0.0, 0.0, 0.0, 0.0], "(2, 710)": [2, 710, 0.0, 0.0, 1.0, 95.07668844113728, 95.07668844113728, 0.0, 0.0, 0.0, 0.0, 0.0], "(2, 810)": [2, 810, 0.0, 0.0, 1.0, 95.07668844113728, 95.07668844113728, 0.0, 0.0, 0.0, 0.0, 0.0], "(2, 910)": [2, 910, 0.0, 0.0, 1.0, 95.07668844113728, 95.07668844113728, 0.0, 0.0, 0.0, 0.0, 0.0], "(2, 1010)": [2, 1010, 0.0, 0.0, 1.0, 95.07668844113728, 95.07668844113728, 0.0, 0.0, 0.0, 0.0, 0.0], "(2, 1110)": [2, 1110, 0.0, 0.0, 1.0, 95.07668844113728, 95.07668844113728, 0.0, 0.0, 0.0, 0.0, 0.0], "(2, 1210)": [2, 1210, 0.0, 0.0, 1.0, 95.07668844113728, 95.07668844113728, 0.0, 0.0, 0.0, 0.0, 0.0], "(2, 1310)": [2, 1310, 0.0, 0.0, 1.0, 95.07668844113728, 95.07668844113728, 0.0, 0.0, 0.0, 0.0, 0.0], "(2, 1410)": [2, 1410, 0.0, 0.0, 1.0, 95.07668844113728, 95.07668844113728, 0.0, 0.0, 0.0, 0.0, 0.0], "(2, 1510)": [2, 1510, 0.0, 0.0, 1.0, 95.07668844113728, 95.07668844113728, 0.0, 0.0, 0.0, 0.0, 0.0], "(2, 1610)": [2, 1610, 0.0, 0.0, 1.0, 95.07668844113728, 95.07668844113728, 0.0, 0.0, 0.0, 0.0, 0.0], "(2, 1710)": [2, 1710, 0.0, 0.0, 1.0, 95.07668844113728, 95.07668844113728, 0.0, 0.0, 0.0, 0.0, 0.0], "(2, 1810)": [2, 1810, 0.0, 0.0, 1.0, 95.07668844113728, 95.07668844113728, 0.0, 0.0, 0.0, 0.0, 0.0], "(2, 1910)": [2, 1910, 0.0, 0.0, 1.0, 95.07668844113728, 95.07668844113728, 0.0, 0.0, 0.0, 0.0, 0.0], "(3, 10)": [3, 10, 4.09375, 0.17327085043300022, 1.001750967054416, 95.07668844113728, 95.08882913089498, 49.35038344084715, 0.8125, 0.0, 0.8125, 0.0], "(3, 110)": [3, 110, 1.03125, 0.04200771090671813, 1.0004223774860155, 95.07668844113728, 95.08310299568454, 2.5111607142857144, 0.109375, 0.0, 0.109375, 0.0], "(3, 210)": [3, 210, 0.0, 0.0, 1.0, 95.07668844113728, 95.07668844113728, 0.0, 0.0, 0.0, 0.0, 0.0], "(3, 310)": [3, 310, 0.0, 0.0, 1.0, 95.07668844113728, 95.07668844113728, 0.0, 0.0, 0.0, 0.0, 0.0], "(3, 410)": [3, 410, 0.0, 0.0, 1.0, 95.07668844113728, 95.07668844113728, 0.0, 0.0, 0.0, 0.0, 0.0], "(3, 510)": [3, 510, 0.0, 0.0, 1.0, 95.07668844113728, 95.07668844113728, 0.0, 0.0, 0.0, 0.0, 0.0], "(3, 610)": [3, 610, 0.0, 0.0, 1.0, 95.07668844113728, 95.07668844113728, 0.0, 0.0, 0.0, 0.0, 0.0], "(3, 710)": [3, 710, 0.0, 0.0, 1.0, 95.07668844113728, 95.07668844113728, 0.0, 0.0, 0.0, 0.0, 0.0], "(3, 810)": [3, 810, 0.0, 0.0, 1.0, 95.07668844113728, 95.07668844113728, 0.0, 0.0, 0.0, 0.0, 0.0], "(3, 910)": [3, 910, 0.0, 0.0, 1.0, 95.07668844113728, 95.07668844113728, 0.0, 0.0, 0.0, 0.0, 0.0], "(3, 1010)": [3, 1010, 0.0, 0.0, 1.0, 95.07668844113728, 95.07668844113728, 0.0, 0.0, 0.0, 0.0, 0.0], "(3, 1110)": [3, 1110, 0.0, 0.0, 1.0, 95.07668844113728, 95.07668844113728, 0.0, 0.0, 0.0, 0.0, 0.0], "(3, 1210)": [3, 1210, 0.0, 0.0, 1.0, 95.07668844113728, 95.07668844113728, 0.0, 0.0, 0.0, 0.0, 0.0], "(3, 1310)": [3, 1310, 0.0, 0.0, 1.0, 95.07668844113728, 95.07668844113728, 0.0, 0.0, 0.0, 0.0, 0.0], "(3, 1410)": [3, 1410, 0.0, 0.0, 1.0, 95.07668844113728, 95.07668844113728, 0.0, 0.0, 0.0, 0.0, 0.0], "(3, 1510)": [3, 1510, 0.0, 0.0, 1.0, 95.07668844113728, 95.07668844113728, 0.0, 0.0, 0.0, 0.0, 0.0], "(3, 1610)": [3, 1610, 0.0, 0.0, 1.0, 95.07668844113728, 95.07668844113728, 0.0, 0.0, 0.0, 0.0, 0.0], "(3, 1710)": [3, 1710, 0.0, 0.0, 1.0, 95.07668844113728, 95.07668844113728, 0.0, 0.0, 0.0, 0.0, 0.0], "(3, 1810)": [3, 1810, 0.0, 0.0, 1.0, 95.07668844113728, 95.07668844113728, 0.0, 0.0, 0.0, 0.0, 0.0], "(3, 1910)": [3, 1910, 0.0, 0.0, 1.0, 95.07668844113728, 95.07668844113728, 0.0, 0.0, 0.0, 0.0, 0.0], "(4, 10)": [4, 10, 4.453125, 0.18862559742694507, 1.0019075796215544, 95.07668844113728, 95.08958364945394, 49.35349423108517, 0.90625, 0.0, 0.90625, 0.0], "(4, 110)": [4, 110, 1.140625, 0.04660850347297872, 1.0004686402812193, 95.07668844113728, 95.08450583361886, 5.0176711309523805, 0.109375, 0.0, 0.109375, 0.0], "(4, 210)": [4, 210, 0.0, 0.0, 1.0, 95.07668844113728, 95.07668844113728, 0.0, 0.0, 0.0, 0.0, 0.0], "(4, 310)": [4, 310, 0.0, 0.0, 1.0, 95.07668844113728, 95.07668844113728, 0.0, 0.0, 0.0, 0.0, 0.0], "(4, 410)": [4, 410, 0.0, 0.0, 1.0, 95.07668844113728, 95.07668844113728, 0.0, 0.0, 0.0, 0.0, 0.0], "(4, 510)": [4, 510, 0.0, 0.0, 1.0, 95.07668844113728, 95.07668844113728, 0.0, 0.0, 0.0, 0.0, 0.0], "(4, 610)": [4, 610, 0.0, 0.0, 1.0, 95.07668844113728, 95.07668844113728, 0.0, 0.0, 0.0, 0.0, 0.0], "(4, 710)": [4, 710, 0.0, 0.0, 1.0, 95.07668844113728, 95.07668844113728, 0.0, 0.0, 0.0, 0.0, 0.0], "(4, 810)": [4, 810, 0.0, 0.0, 1.0, 95.07668844113728, 95.07668844113728, 0.0, 0.0, 0.0, 0.0, 0.0], "(4, 910)": [4, 910, 0.0, 0.0, 1.0, 95.07668844113728, 95.07668844113728, 0.0, 0.0, 0.0, 0.0, 0.0], "(4, 1010)": [4, 1010, 0.0, 0.0, 1.0, 95.07668844113728, 95.07668844113728, 0.0, 0.0, 0.0, 0.0, 0.0], "(4, 1110)": [4, 1110, 0.0, 0.0, 1.0, 95.07668844113728, 95.07668844113728, 0.0, 0.0, 0.0, 0.0, 0.0], "(4, 1210)": [4, 1210, 0.0, 0.0, 1.0, 95.07668844113728, 95.07668844113728, 0.0, 0.0, 0.0, 0.0, 0.0], "(4, 1310)": [4, 1310, 0.0, 0.0, 1.0, 95.07668844113728, 95.07668844113728, 0.0, 0.0, 0.0, 0.0, 0.0],