{"(1, 10)": [1, 10, 94.734375, 4.470662936126041, 1.0477646408696064, 40.912131638673, 42.25040795290269, 672.6053086845402, 1.90625, 0.0, 3.8125, 3.03125], "(1, 110)": [1, 110, 8.21875, 0.3778576923290353, 1.0038730907627607, 40.912131638673, 41.02756147743646, 52.51956268982956, 0.21875, 0.0, 0.234375, 0.203125], "(1, 210)": [1, 210, 1.359375, 0.06732486993823818, 1.0006860501695274, 40.912131638673, 40.93435726546663, 3.7576850137334663, 0.0625, 0.0, 0.0625, 0.0625], "(1, 310)": [1, 310, 0.0, 0.0, 1.0, 40.912131638673, 40.912131638673, 0.0, 0.015625, 0.0, 0.015625, 0.015625], "(1, 410)": [1, 410, 0.0, 0.0, 1.0, 40.912131638673, 40.912131638673, 0.0, 0.0, 0.0, 0.0, 0.0], "(1, 510)": [1, 510, 0.0, 0.0, 1.0, 40.912131638673, 40.912131638673, 0.0, 0.0, 0.0, 0.0, 0.0], "(1, 610)": [1, 610, 0.0, 0.0, 1.0, 40.912131638673, 40.912131638673, 0.0, 0.0, 0.0, 0.0, 0.0], "(1, 710)": [1, 710, 0.0, 0.0, 1.0, 40.912131638673, 40.912131638673, 0.0, 0.0, 0.0, 0.0, 0.0], "(1, 810)": [1, 810, 0.0, 0.0, 1.0, 40.912131638673, 40.912131638673, 0.0, 0.0, 0.0, 0.0, 0.0], "(1, 910)": [1, 910, 0.0, 0.0, 1.0, 40.912131638673, 40.912131638673, 0.0, 0.0, 0.0, 0.0, 0.0], "(1, 1010)": [1, 1010, 0.0, 0.0, 1.0, 40.912131638673, 40.912131638673, 0.0, 0.0, 0.0, 0.0, 0.0], "(1, 1110)": [1, 1110, 0.0, 0.0, 1.0, 40.912131638673, 40.912131638673, 0.0, 0.0, 0.0, 0.0, 0.0], "(1, 1210)": [1, 1210, 0.0, 0.0, 1.0, 40.912131638673, 40.912131638673, 0.0, 0.0, 0.0, 0.0, 0.0], "(1, 1310)": [1, 1310, 0.0, 0.0, 1.0, 40.912131638673, 40.912131638673, 0.0, 0.0, 0.0, 0.0, 0.0], "(1, 1410)": [1, 1410, 0.0, 0.0, 1.0, 40.912131638673, 40.912131638673, 0.0, 0.0, 0.0, 0.0, 0.0], "(1, 1510)": [1, 1510, 0.0, 0.0, 1.0, 40.912131638673, 40.912131638673, 0.0, 0.0, 0.0, 0.0, 0.0], "(1, 1610)": [1, 1610, 0.0, 0.0, 1.0, 40.912131638673, 40.912131638673, 0.0, 0.0, 0.0, 0.0, 0.0], "(1, 1710)": [1, 1710, 0.0, 0.0, 1.0, 40.912131638673, 40.912131638673, 0.0, 0.0, 0.0, 0.0, 0.0], "(1, 1810)": [1, 1810, 0.0, 0.0, 1.0, 40.912131638673, 40.912131638673, 0.0, 0.0, 0.0, 0.0, 0.0], "(1, 1910)": [1, 1910, 0.0, 0.0, 1.0, 40.912131638673, 40.912131638673, 0.0, 0.0, 0.0, 0.0, 0.0], "(2, 10)": [2, 10, 158.015625, 7.473856407658663, 1.0825935039667829, 40.912131638673, 42.84653785551388, 472.3852750087111, 4.21875, 0.0, 8.640625, 6.625], "(2, 110)": [2, 110, 15.078125, 0.6930757129200119, 1.007151924351842, 40.912131638673, 41.08769382291876, 43.596876729554324, 0.65625, 0.0, 0.78125, 0.6875], "(2, 210)": [2, 210, 2.109375, 0.10347259010446609, 1.001049561257778, 40.912131638673, 40.93688199685314, 2.7646510308817436, 0.203125, 0.0, 0.21875, 0.203125], "(2, 310)": [2, 310, 0.0, 0.0, 1.0, 40.912131638673, 40.912131638673, 0.0, 0.015625, 0.0, 0.015625, 0.015625], "(2, 410)": [2, 410, 0.0, 0.0, 1.0, 40.912131638673, 40.912131638673, 0.0, 0.0, 0.0, 0.0, 0.0], "(2, 510)": [2, 510, 0.0, 0.0, 1.0, 40.912131638673, 40.912131638673, 0.0, 0.0, 0.0, 0.0, 0.0], "(2, 610)": [2, 610, 0.0, 0.0, 1.0, 40.912131638673, 40.912131638673, 0.0, 0.0, 0.0, 0.0, 0.0], "(2, 710)": [2, 710, 0.0, 0.0, 1.0, 40.912131638673, 40.912131638673, 0.0, 0.0, 0.0, 0.0, 0.0], "(2, 810)": [2, 810, 0.0, 0.0, 1.0, 40.912131638673, 40.912131638673, 0.0, 0.0, 0.0, 0.0, 0.0], "(2, 910)": [2, 910, 0.0, 0.0, 1.0, 40.912131638673, 40.912131638673, 0.0, 0.0, 0.0, 0.0, 0.0], "(2, 1010)": [2, 1010, 0.0, 0.0, 1.0, 40.912131638673, 40.912131638673, 0.0, 0.0, 0.0, 0.0, 0.0], "(2, 1110)": [2, 1110, 0.0, 0.0, 1.0, 40.912131638673, 40.912131638673, 0.0, 0.0, 0.0, 0.0, 0.0], "(2, 1210)": [2, 1210, 0.0, 0.0, 1.0, 40.912131638673, 40.912131638673, 0.0, 0.0, 0.0, 0.0, 0.0], "(2, 1310)": [2, 1310, 0.0, 0.0, 1.0, 40.912131638673, 40.912131638673, 0.0, 0.0, 0.0, 0.0, 0.0], "(2, 1410)": [2, 1410, 0.0, 0.0, 1.0, 40.912131638673, 40.912131638673, 0.0, 0.0, 0.0, 0.0, 0.0], "(2, 1510)": [2, 1510, 0.0, 0.0, 1.0, 40.912131638673, 40.912131638673, 0.0, 0.0, 0.0, 0.0, 0.0], "(2, 1610)": [2, 1610, 0.0, 0.0, 1.0, 40.912131638673, 40.912131638673, 0.0, 0.0, 0.0, 0.0, 0.0], "(2, 1710)": [2, 1710, 0.0, 0.0, 1.0, 40.912131638673, 40.912131638673, 0.0, 0.0, 0.0, 0.0, 0.0], "(2, 1810)": [2, 1810, 0.0, 0.0, 1.0, 40.912131638673, 40.912131638673, 0.0, 0.0, 0.0, 0.0, 0.0], "(2, 1910)": [2, 1910, 0.0, 0.0, 1.0, 40.912131638673, 40.912131638673, 0.0, 0.0, 0.0, 0.0, 0.0], "(3, 10)": [3, 10, 216.96875, 10.35640993416349, 1.117719566959633, 40.912131638673, 43.40701532216951, 474.9961423124209, 7.0625, 0.0, 13.828125, 11.140625], "(3, 110)": [3, 110, 30.390625, 1.3808729364191321, 1.0143803998627827, 40.912131638673, 41.213323871313825, 46.24828741516946, 1.4375, 0.0, 2.078125, 1.796875], "(3, 210)": [3, 210, 4.78125, 0.21654543452386868, 1.0022226795079354, 40.912131638673, 40.946284365942574, 4.312935291698137, 0.40625, 0.0, 0.484375, 0.421875], "(3, 310)": [3, 310, 0.703125, 0.030152840908989793, 1.000304884950111, 40.912131638673, 40.916074772702395, 0.2828412703304527, 0.0625, 0.0, 0.0625, 0.0625], "(3, 410)": [3, 410, 0.0, 0.0, 1.0, 40.912131638673, 40.9105377783951, 0.008620689655172414, 0.015625, 0.0, 0.015625, 0.015625], "(3, 510)": [3, 510, 0.0, 0.0, 1.0, 40.912131638673, 40.912131638673, 0.0, 0.0, 0.0, 0.0, 0.0], "(3, 610)": [3, 610, 0.0, 0.0, 1.0, 40.912131638673, 40.912131638673, 0.0, 0.0, 0.0, 0.0, 0.0], "(3, 710)": [3, 710, 0.0, 0.0, 1.0, 40.912131638673, 40.912131638673, 0.0, 0.0, 0.0, 0.0, 0.0], "(3, 810)": [3, 810, 0.0, 0.0, 1.0, 40.912131638673, 40.912131638673, 0.0, 0.0, 0.0, 0.0, 0.0], "(3, 910)": [3, 910, 0.0, 0.0, 1.0, 40.912131638673, 40.912131638673, 0.0, 0.0, 0.0, 0.0, 0.0], "(3, 1010)": [3, 1010, 0.0, 0.0, 1.0, 40.912131638673, 40.912131638673, 0.0, 0.0, 0.0, 0.0, 0.0], "(3, 1110)": [3, 1110, 0.0, 0.0, 1.0, 40.912131638673, 40.912131638673, 0.0, 0.0, 0.0, 0.0, 0.0], "(3, 1210)": [3, 1210, 0.0, 0.0, 1.0, 40.912131638673, 40.912131638673, 0.0, 0.0, 0.0, 0.0, 0.0], "(3, 1310)": [3, 1310, 0.0, 0.0, 1.0, 40.912131638673, 40.912131638673, 0.0, 0.0, 0.0, 0.0, 0.0], "(3, 1410)": [3, 1410, 0.0, 0.0, 1.0, 40.912131638673, 40.912131638673, 0.0, 0.0, 0.0, 0.0, 0.0], "(3, 1510)": [3, 1510, 0.0, 0.0, 1.0, 40.912131638673, 40.912131638673, 0.0, 0.0, 0.0, 0.0, 0.0], "(3, 1610)": [3, 1610, 0.0, 0.0, 1.0, 40.912131638673, 40.912131638673, 0.0, 0.0, 0.0, 0.0, 0.0], "(3, 1710)": [3, 1710, 0.0, 0.0, 1.0, 40.912131638673, 40.912131638673, 0.0, 0.0, 0.0, 0.0, 0.0], "(3, 1810)": [3, 1810, 0.0, 0.0, 1.0, 40.912131638673, 40.912131638673, 0.0, 0.0, 0.0, 0.0, 0.0], "(3, 1910)": [3, 1910, 0.0, 0.0, 1.0, 40.912131638673, 40.912131638673, 0.0, 0.0, 0.0, 0.0, 0.0], "(4, 10)": [4, 10, 281.703125, 13.518999813610916, 1.158858527585838, 40.912131638673, 43.91864541201062, 468.01732498707355, 10.671875, 0.0027976723366159354, 19.8125, 16.515625], "(4, 110)": [4, 110, 38.625, 1.7754462083139044, 1.0184662891680147, 40.912131638673, 41.226376868375645, 41.26615276321417, 2.046875, 0.0, 3.25, 2.8125], "(4, 210)": [4, 210, 6.8125, 0.30956432527997324, 1.0031650095617115, 40.912131638673, 40.9375724170317, 5.431889904621965, 0.671875, 0.0, 0.8125, 0.65625], "(4, 310)": [4, 310, 1.078125, 0.04998361827546256, 1.0005057419399344, 40.912131638673, 40.923143075088745, 0.8619013241070564, 0.078125, 0.0, 0.078125, 0.078125], "(4, 410)": [4, 410, 0.1875, 0.00897558640497846, 1.0000902744342803, 40.912131638673, 40.91349777350816, 0.08991585233441911, 0.03125, 0.0, 0.03125, 0.03125], "(4, 510)": [4, 510, 0.0, 0.0, 1.0, 40.912131638673, 40.912131638673, 0.0, 0.0, 0.0, 0.0, 0.0], "(4, 610)": [4, 610, 0.0, 0.0, 1.0, 40.912131638673, 40.912131638673, 0.0, 0.0, 0.0, 0.0, 0.0], "(4, 710)": [4, 710, 0.0, 0.0, 1.0, 40.912131638673, 40.912131638673, 0.0, 0.0, 0.0, 0.0, 0.0], "(4, 810)": [4, 810, 0.0, 0.0, 1.0, 40.912131638673, 40.912131638673, 0.0, 0.0, 0.0, 0.0, 0.0], "(4, 910)": [4, 910, 0.0, 0.0, 1.0, 40.912131638673, 40.912131638673, 0.0, 0.0, 0.0, 0.0, 0.0], "(4, 1010)": [4, 1010, 0.0, 0.0, 1.0, 40.912131638673, 40.912131638673, 0.0, 0.0, 0.0, 0.0, 0.0],