{"(1, 10)": [1, 10, 0.0, 0.0, 1.0, 78.21104772512895, 78.21104772512895, 0.0, 0.0, 0.0, 0.0, 0.0], "(1, 110)": [1, 110, 0.0, 0.0, 1.0, 78.21104772512895, 78.21104772512895, 0.0, 0.0, 0.0, 0.0, 0.0], "(1, 210)": [1, 210, 0.0, 0.0, 1.0, 78.21104772512895, 78.21104772512895, 0.0, 0.0, 0.0, 0.0, 0.0], "(1, 310)": [1, 310, 0.0, 0.0, 1.0, 78.21104772512895, 78.21104772512895, 0.0, 0.0, 0.0, 0.0, 0.0], "(1, 410)": [1, 410, 0.0, 0.0, 1.0, 78.21104772512895, 78.21104772512895, 0.0, 0.0, 0.0, 0.0, 0.0], "(1, 510)": [1, 510, 0.0, 0.0, 1.0, 78.21104772512895, 78.21104772512895, 0.0, 0.0, 0.0, 0.0, 0.0], "(1, 610)": [1, 610, 0.0, 0.0, 1.0, 78.21104772512895, 78.21104772512895, 0.0, 0.0, 0.0, 0.0, 0.0], "(1, 710)": [1, 710, 0.0, 0.0, 1.0, 78.21104772512895, 78.21104772512895, 0.0, 0.0, 0.0, 0.0, 0.0], "(1, 810)": [1, 810, 0.0, 0.0, 1.0, 78.21104772512895, 78.21104772512895, 0.0, 0.0, 0.0, 0.0, 0.0], "(1, 910)": [1, 910, 0.0, 0.0, 1.0, 78.21104772512895, 78.21104772512895, 0.0, 0.0, 0.0, 0.0, 0.0], "(1, 1010)": [1, 1010, 0.0, 0.0, 1.0, 78.21104772512895, 78.21104772512895, 0.0, 0.0, 0.0, 0.0, 0.0], "(1, 1110)": [1, 1110, 0.0, 0.0, 1.0, 78.21104772512895, 78.21104772512895, 0.0, 0.0, 0.0, 0.0, 0.0], "(1, 1210)": [1, 1210, 0.0, 0.0, 1.0, 78.21104772512895, 78.21104772512895, 0.0, 0.0, 0.0, 0.0, 0.0], "(1, 1310)": [1, 1310, 0.0, 0.0, 1.0, 78.21104772512895, 78.21104772512895, 0.0, 0.0, 0.0, 0.0, 0.0], "(1, 1410)": [1, 1410, 0.0, 0.0, 1.0, 78.21104772512895, 78.21104772512895, 0.0, 0.0, 0.0, 0.0, 0.0], "(1, 1510)": [1, 1510, 0.0, 0.0, 1.0, 78.21104772512895, 78.21104772512895, 0.0, 0.0, 0.0, 0.0, 0.0], "(1, 1610)": [1, 1610, 0.0, 0.0, 1.0, 78.21104772512895, 78.21104772512895, 0.0, 0.0, 0.0, 0.0, 0.0], "(1, 1710)": [1, 1710, 0.0, 0.0, 1.0, 78.21104772512895, 78.21104772512895, 0.0, 0.0, 0.0, 0.0, 0.0], "(1, 1810)": [1, 1810, 0.0, 0.0, 1.0, 78.21104772512895, 78.21104772512895, 0.0, 0.0, 0.0, 0.0, 0.0], "(1, 1910)": [1, 1910, 0.0, 0.0, 1.0, 78.21104772512895, 78.21104772512895, 0.0, 0.0, 0.0, 0.0, 0.0], "(2, 10)": [2, 10, 0.0, 0.0, 1.0, 78.21104772512895, 78.21104772512895, 0.0, 0.0, 0.0, 0.0, 0.0], "(2, 110)": [2, 110, 0.0, 0.0, 1.0, 78.21104772512895, 78.21104772512895, 0.0, 0.0, 0.0, 0.0, 0.0], "(2, 210)": [2, 210, 0.0, 0.0, 1.0, 78.21104772512895, 78.21104772512895, 0.0, 0.0, 0.0, 0.0, 0.0], "(2, 310)": [2, 310, 0.0, 0.0, 1.0, 78.21104772512895, 78.21104772512895, 0.0, 0.0, 0.0, 0.0, 0.0], "(2, 410)": [2, 410, 0.0, 0.0, 1.0, 78.21104772512895, 78.21104772512895, 0.0, 0.0, 0.0, 0.0, 0.0], "(2, 510)": [2, 510, 0.0, 0.0, 1.0, 78.21104772512895, 78.21104772512895, 0.0, 0.0, 0.0, 0.0, 0.0], "(2, 610)": [2, 610, 0.0, 0.0, 1.0, 78.21104772512895, 78.21104772512895, 0.0, 0.0, 0.0, 0.0, 0.0], "(2, 710)": [2, 710, 0.0, 0.0, 1.0, 78.21104772512895, 78.21104772512895, 0.0, 0.0, 0.0, 0.0, 0.0], "(2, 810)": [2, 810, 0.0, 0.0, 1.0, 78.21104772512895, 78.21104772512895, 0.0, 0.0, 0.0, 0.0, 0.0], "(2, 910)": [2, 910, 0.0, 0.0, 1.0, 78.21104772512895, 78.21104772512895, 0.0, 0.0, 0.0, 0.0, 0.0], "(2, 1010)": [2, 1010, 0.0, 0.0, 1.0, 78.21104772512895, 78.21104772512895, 0.0, 0.0, 0.0, 0.0, 0.0], "(2, 1110)": [2, 1110, 0.0, 0.0, 1.0, 78.21104772512895, 78.21104772512895, 0.0, 0.0, 0.0, 0.0, 0.0], "(2, 1210)": [2, 1210, 0.0, 0.0, 1.0, 78.21104772512895, 78.21104772512895, 0.0, 0.0, 0.0, 0.0, 0.0], "(2, 1310)": [2, 1310, 0.0, 0.0, 1.0, 78.21104772512895, 78.21104772512895, 0.0, 0.0, 0.0, 0.0, 0.0], "(2, 1410)": [2, 1410, 0.0, 0.0, 1.0, 78.21104772512895, 78.21104772512895, 0.0, 0.0, 0.0, 0.0, 0.0], "(2, 1510)": [2, 1510, 0.0, 0.0, 1.0, 78.21104772512895, 78.21104772512895, 0.0, 0.0, 0.0, 0.0, 0.0], "(2, 1610)": [2, 1610, 0.0, 0.0, 1.0, 78.21104772512895, 78.21104772512895, 0.0, 0.0, 0.0, 0.0, 0.0], "(2, 1710)": [2, 1710, 0.0, 0.0, 1.0, 78.21104772512895, 78.21104772512895, 0.0, 0.0, 0.0, 0.0, 0.0], "(2, 1810)": [2, 1810, 0.0, 0.0, 1.0, 78.21104772512895, 78.21104772512895, 0.0, 0.0, 0.0, 0.0, 0.0], "(2, 1910)": [2, 1910, 0.0, 0.0, 1.0, 78.21104772512895, 78.21104772512895, 0.0, 0.0, 0.0, 0.0, 0.0], "(3, 10)": [3, 10, 0.0, 0.0, 1.0, 78.21104772512895, 78.21104772512895, 0.0, 0.0, 0.0, 0.0, 0.0], "(3, 110)": [3, 110, 0.0, 0.0, 1.0, 78.21104772512895, 78.21104772512895, 0.0, 0.0, 0.0, 0.0, 0.0], "(3, 210)": [3, 210, 0.0, 0.0, 1.0, 78.21104772512895, 78.21104772512895, 0.0, 0.0, 0.0, 0.0, 0.0], "(3, 310)": [3, 310, 0.0, 0.0, 1.0, 78.21104772512895, 78.21104772512895, 0.0, 0.0, 0.0, 0.0, 0.0], "(3, 410)": [3, 410, 0.0, 0.0, 1.0, 78.21104772512895, 78.21104772512895, 0.0, 0.0, 0.0, 0.0, 0.0], "(3, 510)": [3, 510, 0.0, 0.0, 1.0, 78.21104772512895, 78.21104772512895, 0.0, 0.0, 0.0, 0.0, 0.0], "(3, 610)": [3, 610, 0.0, 0.0, 1.0, 78.21104772512895, 78.21104772512895, 0.0, 0.0, 0.0, 0.0, 0.0], "(3, 710)": [3, 710, 0.0, 0.0, 1.0, 78.21104772512895, 78.21104772512895, 0.0, 0.0, 0.0, 0.0, 0.0], "(3, 810)": [3, 810, 0.0, 0.0, 1.0, 78.21104772512895, 78.21104772512895, 0.0, 0.0, 0.0, 0.0, 0.0], "(3, 910)": [3, 910, 0.0, 0.0, 1.0, 78.21104772512895, 78.21104772512895, 0.0, 0.0, 0.0, 0.0, 0.0], "(3, 1010)": [3, 1010, 0.0, 0.0, 1.0, 78.21104772512895, 78.21104772512895, 0.0, 0.0, 0.0, 0.0, 0.0], "(3, 1110)": [3, 1110, 0.0, 0.0, 1.0, 78.21104772512895, 78.21104772512895, 0.0, 0.0, 0.0, 0.0, 0.0], "(3, 1210)": [3, 1210, 0.0, 0.0, 1.0, 78.21104772512895, 78.21104772512895, 0.0, 0.0, 0.0, 0.0, 0.0], "(3, 1310)": [3, 1310, 0.0, 0.0, 1.0, 78.21104772512895, 78.21104772512895, 0.0, 0.0, 0.0, 0.0, 0.0], "(3, 1410)": [3, 1410, 0.0, 0.0, 1.0, 78.21104772512895, 78.21104772512895, 0.0, 0.0, 0.0, 0.0, 0.0], "(3, 1510)": [3, 1510, 0.0, 0.0, 1.0, 78.21104772512895, 78.21104772512895, 0.0, 0.0, 0.0, 0.0, 0.0], "(3, 1610)": [3, 1610, 0.0, 0.0, 1.0, 78.21104772512895, 78.21104772512895, 0.0, 0.0, 0.0, 0.0, 0.0], "(3, 1710)": [3, 1710, 0.0, 0.0, 1.0, 78.21104772512895, 78.21104772512895, 0.0, 0.0, 0.0, 0.0, 0.0], "(3, 1810)": [3, 1810, 0.0, 0.0, 1.0, 78.21104772512895, 78.21104772512895, 0.0, 0.0, 0.0, 0.0, 0.0], "(3, 1910)": [3, 1910, 0.0, 0.0, 1.0, 78.21104772512895, 78.21104772512895, 0.0, 0.0, 0.0, 0.0, 0.0], "(4, 10)": [4, 10, 12365.25, 24.816364621590704, 34.784836065573764, 78.21104772512895, 89.6943306010929, 0.0, 1.0, 0.0, 17.0, 17.0], "(4, 110)": [4, 110, 12187.75, 24.460132056916933, 12.326905204460969, 78.21104772512895, 82.08643122676581, 0.0, 1.0, 0.0, 8.0, 8.0], "(4, 210)": [4, 210, 11987.75, 24.05874325165071, 7.390058635394455, 78.21104772512895, 80.39712153518123, 0.0, 1.0, 0.0, 8.0, 8.0], "(4, 310)": [4, 310, 11787.75, 23.657354446384492, 5.404988789237669, 78.21104772512895, 79.7178624813154, 0.0, 1.0, 0.0, 8.0, 8.0], "(4, 410)": [4, 410, 11587.75, 23.255965641118273, 4.33364499424626, 78.21104772512895, 79.35126582278481, 0.0, 1.0, 0.0, 8.0, 8.0], "(4, 510)": [4, 510, 11387.75, 22.854576835852047, 3.663178203928905, 78.21104772512895, 79.12184284377922, 0.0, 1.0, 0.0, 8.0, 8.0], "(4, 610)": [4, 610, 11187.75, 22.45318803058583, 3.2040484633569735, 78.21104772512895, 78.96473601260834, 0.0, 1.0, 0.0, 8.0, 8.0], "(4, 710)": [4, 710, 10987.75, 22.051799225319602, 2.869937031994554, 78.21104772512895, 78.85040844111641, 0.0, 1.0, 0.0, 8.0, 8.0], "(4, 810)": [4, 810, 10787.75, 21.650410420053387, 2.6159002396644695, 78.21104772512895, 78.76348112642302, 0.0, 1.0, 0.0, 8.0, 8.0], "(4, 910)": [4, 910, 10587.75, 21.249021614787164, 2.416231942215088, 78.21104772512895, 78.69515783841628, 0.0, 1.0, 0.0, 8.0, 8.0], "(4, 1010)": [4, 1010, 10387.75, 20.847632809520942, 2.255165538907685, 78.21104772512895, 78.64004349927502, 0.0, 1.0, 0.0, 8.0, 8.0], "(4, 1110)": [4, 1110, 10187.75, 20.446244004254723, 2.1224933891582194, 78.21104772512895, 78.59464521815778, 0.0, 1.0, 0.0, 8.0, 8.0], "(4, 1210)": [4, 1210, 9987.75, 20.0448551989885, 2.0113153098420415, 78.21104772512895, 78.55660186310247, 0.0, 1.0, 0.0, 8.0, 8.0], "(4, 1310)": [4, 1310, 9787.75, 19.643466393722278, 1.9167993630573252, 78.21104772512895, 78.52426002248035, 0.0, 1.0, 0.0, 8.0, 8.0],