{"(1, 10)": [1, 10, 0.75, 0.10820692513627056, 1.0010886054793418, 59.85310146722896, 59.82233969421813, 0.0, 0.1875, 0.0, 0.1875, 0.125], "(1, 110)": [1, 110, 0.0, 0.0, 1.0, 59.85310146722896, 59.85310146722896, 0.0, 0.0, 0.0, 0.0, 0.0], "(1, 210)": [1, 210, 0.0, 0.0, 1.0, 59.85310146722896, 59.85310146722896, 0.0, 0.0, 0.0, 0.0, 0.0], "(1, 310)": [1, 310, 0.0, 0.0, 1.0, 59.85310146722896, 59.85310146722896, 0.0, 0.0, 0.0, 0.0, 0.0], "(1, 410)": [1, 410, 0.0, 0.0, 1.0, 59.85310146722896, 59.85310146722896, 0.0, 0.0, 0.0, 0.0, 0.0], "(1, 510)": [1, 510, 0.0, 0.0, 1.0, 59.85310146722896, 59.85310146722896, 0.0, 0.0, 0.0, 0.0, 0.0], "(1, 610)": [1, 610, 0.0, 0.0, 1.0, 59.85310146722896, 59.85310146722896, 0.0, 0.0, 0.0, 0.0, 0.0], "(1, 710)": [1, 710, 0.0, 0.0, 1.0, 59.85310146722896, 59.85310146722896, 0.0, 0.0, 0.0, 0.0, 0.0], "(1, 810)": [1, 810, 0.0, 0.0, 1.0, 59.85310146722896, 59.85310146722896, 0.0, 0.0, 0.0, 0.0, 0.0], "(1, 910)": [1, 910, 0.0, 0.0, 1.0, 59.85310146722896, 59.85310146722896, 0.0, 0.0, 0.0, 0.0, 0.0], "(1, 1010)": [1, 1010, 0.0, 0.0, 1.0, 59.85310146722896, 59.85310146722896, 0.0, 0.0, 0.0, 0.0, 0.0], "(1, 1110)": [1, 1110, 0.0, 0.0, 1.0, 59.85310146722896, 59.85310146722896, 0.0, 0.0, 0.0, 0.0, 0.0], "(1, 1210)": [1, 1210, 0.0, 0.0, 1.0, 59.85310146722896, 59.85310146722896, 0.0, 0.0, 0.0, 0.0, 0.0], "(1, 1310)": [1, 1310, 0.0, 0.0, 1.0, 59.85310146722896, 59.85310146722896, 0.0, 0.0, 0.0, 0.0, 0.0], "(1, 1410)": [1, 1410, 0.0, 0.0, 1.0, 59.85310146722896, 59.85310146722896, 0.0, 0.0, 0.0, 0.0, 0.0], "(1, 1510)": [1, 1510, 0.0, 0.0, 1.0, 59.85310146722896, 59.85310146722896, 0.0, 0.0, 0.0, 0.0, 0.0], "(1, 1610)": [1, 1610, 0.0, 0.0, 1.0, 59.85310146722896, 59.85310146722896, 0.0, 0.0, 0.0, 0.0, 0.0], "(1, 1710)": [1, 1710, 0.0, 0.0, 1.0, 59.85310146722896, 59.85310146722896, 0.0, 0.0, 0.0, 0.0, 0.0], "(1, 1810)": [1, 1810, 0.0, 0.0, 1.0, 59.85310146722896, 59.85310146722896, 0.0, 0.0, 0.0, 0.0, 0.0], "(1, 1910)": [1, 1910, 0.0, 0.0, 1.0, 59.85310146722896, 59.85310146722896, 0.0, 0.0, 0.0, 0.0, 0.0], "(2, 10)": [2, 10, 3.8125, 0.47204247437703173, 1.0047966555425827, 59.85310146722896, 59.900096532518106, 166.31944444444446, 0.625, 0.0, 0.6875, 0.5], "(2, 110)": [2, 110, 0.0, 0.0, 1.0, 59.85310146722896, 59.85310146722896, 0.0, 0.0, 0.0, 0.0, 0.0], "(2, 210)": [2, 210, 0.0, 0.0, 1.0, 59.85310146722896, 59.85310146722896, 0.0, 0.0, 0.0, 0.0, 0.0], "(2, 310)": [2, 310, 0.0, 0.0, 1.0, 59.85310146722896, 59.85310146722896, 0.0, 0.0, 0.0, 0.0, 0.0], "(2, 410)": [2, 410, 0.0, 0.0, 1.0, 59.85310146722896, 59.85310146722896, 0.0, 0.0, 0.0, 0.0, 0.0], "(2, 510)": [2, 510, 0.0, 0.0, 1.0, 59.85310146722896, 59.85310146722896, 0.0, 0.0, 0.0, 0.0, 0.0], "(2, 610)": [2, 610, 0.0, 0.0, 1.0, 59.85310146722896, 59.85310146722896, 0.0, 0.0, 0.0, 0.0, 0.0], "(2, 710)": [2, 710, 0.0, 0.0, 1.0, 59.85310146722896, 59.85310146722896, 0.0, 0.0, 0.0, 0.0, 0.0], "(2, 810)": [2, 810, 0.0, 0.0, 1.0, 59.85310146722896, 59.85310146722896, 0.0, 0.0, 0.0, 0.0, 0.0], "(2, 910)": [2, 910, 0.0, 0.0, 1.0, 59.85310146722896, 59.85310146722896, 0.0, 0.0, 0.0, 0.0, 0.0], "(2, 1010)": [2, 1010, 0.0, 0.0, 1.0, 59.85310146722896, 59.85310146722896, 0.0, 0.0, 0.0, 0.0, 0.0], "(2, 1110)": [2, 1110, 0.0, 0.0, 1.0, 59.85310146722896, 59.85310146722896, 0.0, 0.0, 0.0, 0.0, 0.0], "(2, 1210)": [2, 1210, 0.0, 0.0, 1.0, 59.85310146722896, 59.85310146722896, 0.0, 0.0, 0.0, 0.0, 0.0], "(2, 1310)": [2, 1310, 0.0, 0.0, 1.0, 59.85310146722896, 59.85310146722896, 0.0, 0.0, 0.0, 0.0, 0.0], "(2, 1410)": [2, 1410, 0.0, 0.0, 1.0, 59.85310146722896, 59.85310146722896, 0.0, 0.0, 0.0, 0.0, 0.0], "(2, 1510)": [2, 1510, 0.0, 0.0, 1.0, 59.85310146722896, 59.85310146722896, 0.0, 0.0, 0.0, 0.0, 0.0], "(2, 1610)": [2, 1610, 0.0, 0.0, 1.0, 59.85310146722896, 59.85310146722896, 0.0, 0.0, 0.0, 0.0, 0.0], "(2, 1710)": [2, 1710, 0.0, 0.0, 1.0, 59.85310146722896, 59.85310146722896, 0.0, 0.0, 0.0, 0.0, 0.0], "(2, 1810)": [2, 1810, 0.0, 0.0, 1.0, 59.85310146722896, 59.85310146722896, 0.0, 0.0, 0.0, 0.0, 0.0], "(2, 1910)": [2, 1910, 0.0, 0.0, 1.0, 59.85310146722896, 59.85310146722896, 0.0, 0.0, 0.0, 0.0, 0.0], "(3, 10)": [3, 10, 6.625, 0.7579505752347406, 1.007859143350424, 59.85310146722896, 59.89385467828548, 402.18253968253964, 0.9375, 0.0, 1.125, 0.9375], "(3, 110)": [3, 110, 0.0, 0.0, 1.0, 59.85310146722896, 59.85310146722896, 1.36986301369863, 0.0, 0.0, 0.0, 0.0], "(3, 210)": [3, 210, 0.0, 0.0, 1.0, 59.85310146722896, 59.85310146722896, 0.0, 0.0, 0.0, 0.0, 0.0], "(3, 310)": [3, 310, 0.0, 0.0, 1.0, 59.85310146722896, 59.85310146722896, 0.0, 0.0, 0.0, 0.0, 0.0], "(3, 410)": [3, 410, 0.0, 0.0, 1.0, 59.85310146722896, 59.85310146722896, 0.0, 0.0, 0.0, 0.0, 0.0], "(3, 510)": [3, 510, 0.0, 0.0, 1.0, 59.85310146722896, 59.85310146722896, 0.0, 0.0, 0.0, 0.0, 0.0], "(3, 610)": [3, 610, 0.0, 0.0, 1.0, 59.85310146722896, 59.85310146722896, 0.0, 0.0, 0.0, 0.0, 0.0], "(3, 710)": [3, 710, 0.0, 0.0, 1.0, 59.85310146722896, 59.85310146722896, 0.0, 0.0, 0.0, 0.0, 0.0], "(3, 810)": [3, 810, 0.0, 0.0, 1.0, 59.85310146722896, 59.85310146722896, 0.0, 0.0, 0.0, 0.0, 0.0], "(3, 910)": [3, 910, 0.0, 0.0, 1.0, 59.85310146722896, 59.85310146722896, 0.0, 0.0, 0.0, 0.0, 0.0], "(3, 1010)": [3, 1010, 0.0, 0.0, 1.0, 59.85310146722896, 59.85310146722896, 0.0, 0.0, 0.0, 0.0, 0.0], "(3, 1110)": [3, 1110, 0.0, 0.0, 1.0, 59.85310146722896, 59.85310146722896, 0.0, 0.0, 0.0, 0.0, 0.0], "(3, 1210)": [3, 1210, 0.0, 0.0, 1.0, 59.85310146722896, 59.85310146722896, 0.0, 0.0, 0.0, 0.0, 0.0], "(3, 1310)": [3, 1310, 0.0, 0.0, 1.0, 59.85310146722896, 59.85310146722896, 0.0, 0.0, 0.0, 0.0, 0.0], "(3, 1410)": [3, 1410, 0.0, 0.0, 1.0, 59.85310146722896, 59.85310146722896, 0.0, 0.0, 0.0, 0.0, 0.0], "(3, 1510)": [3, 1510, 0.0, 0.0, 1.0, 59.85310146722896, 59.85310146722896, 0.0, 0.0, 0.0, 0.0, 0.0], "(3, 1610)": [3, 1610, 0.0, 0.0, 1.0, 59.85310146722896, 59.85310146722896, 0.0, 0.0, 0.0, 0.0, 0.0], "(3, 1710)": [3, 1710, 0.0, 0.0, 1.0, 59.85310146722896, 59.85310146722896, 0.0, 0.0, 0.0, 0.0, 0.0], "(3, 1810)": [3, 1810, 0.0, 0.0, 1.0, 59.85310146722896, 59.85310146722896, 0.0, 0.0, 0.0, 0.0, 0.0], "(3, 1910)": [3, 1910, 0.0, 0.0, 1.0, 59.85310146722896, 59.85310146722896, 0.0, 0.0, 0.0, 0.0, 0.0], "(4, 10)": [4, 10, 32.4375, 3.4258541996013543, 1.038356395118617, 59.85310146722896, 58.224011589665764, 353.23580344778316, 3.6875, 0.0, 5.6875, 3.5625], "(4, 110)": [4, 110, 3.5, 0.39670167585235155, 1.004095201391439, 59.85310146722896, 59.820549038845925, 0.0, 0.5, 0.0, 0.625, 0.5625], "(4, 210)": [4, 210, 0.0, 0.0, 1.0, 59.85310146722896, 59.85310146722896, 0.0, 0.1875, 0.0, 0.1875, 0.1875], "(4, 310)": [4, 310, 0.0, 0.0, 1.0, 59.85310146722896, 59.85310146722896, 0.0, 0.0, 0.0, 0.0, 0.0], "(4, 410)": [4, 410, 0.0, 0.0, 1.0, 59.85310146722896, 59.85310146722896, 0.0, 0.0, 0.0, 0.0, 0.0], "(4, 510)": [4, 510, 0.0, 0.0, 1.0, 59.85310146722896, 59.85310146722896, 0.0, 0.0, 0.0, 0.0, 0.0], "(4, 610)": [4, 610, 0.0, 0.0, 1.0, 59.85310146722896, 59.85310146722896, 0.0, 0.0, 0.0, 0.0, 0.0], "(4, 710)": [4, 710, 0.0, 0.0, 1.0, 59.85310146722896, 59.85310146722896, 0.0, 0.0, 0.0, 0.0, 0.0], "(4, 810)": [4, 810, 0.0, 0.0, 1.0, 59.85310146722896, 59.85310146722896, 0.0, 0.0, 0.0, 0.0, 0.0], "(4, 910)": [4, 910, 0.0, 0.0, 1.0, 59.85310146722896, 59.85310146722896, 0.0, 0.0, 0.0, 0.0, 0.0], "(4, 1010)": [4, 1010, 0.0, 0.0, 1.0, 59.85310146722896, 59.85310146722896, 0.0, 0.0, 0.0, 0.0, 0.0], "(4, 1110)": [4, 1110, 0.0, 0.0, 1.0, 59.85310146722896, 59.85310146722896, 0.0, 0.0, 0.0, 0.0, 0.0], "(4, 1210)": [4, 1210, 0.0, 0.0, 1.0, 59.85310146722896, 59.85310146722896, 0.0, 0.0, 0.0, 0.0, 0.0], "(4, 1310)": [4, 1310, 0.0, 0.0, 1.0, 59.85310146722896, 59.85310146722896, 0.0, 0.0, 0.0, 0.0, 0.0], "(4, 1410)": [4, 1410, 0.0, 0.0, 1.0, 59.85310146722896, 59.85310146722896, 0.0, 0.0, 0.0, 0.0, 0.0], "(4, 1510)": [4, 1510, 0.0, 0.0, 1.0, 59.85310146722896, 59.85310146722896, 0.0, 0.0, 0.0, 0.0, 0.0],